CustomerID,DaysBooking,HotelStar,0OfPerson,Season,Breakfast,WiFi,AC/NONAC,Price,Age,Booked
1,2,3,1,1,0,1,1,2000,20,1
2,3,5,4,3,1,0,1,3000,40,0
3,4,2,2,2,0,1,0,4000,30,1
4,2,3,2,3,1,0,1,3000,20,0
5,2,5,2,2,1,1,1,4000,20,1
6,4,3,4,1,1,1,1,4000,40,1
7,3,3,1,1,1,1,0,2000,20,1
8,4,5,2,2,0,1,1,3000,20,1
9,2,2,2,3,0,1,1,5000,30,0
10,4,2,2,3,1,1,0,5000,20,0
11,3,2,3,1,1,1,1,3000,30,1
12,3,3,1,1,0,1,1,4000,40,1
13,3,5,2,2,0,1,1,4000,20,1
14,2,3,2,3,0,1,1,3000,30,0
15,3,3,1,2,1,1,1,2000,50,1
16,3,5,2,3,1,1,1,4000,40,1
17,1,2,1,1,0,1,1,3000,20,0
18,3,3,2,2,1,0,1,3000,30,0
19,4,3,1,1,1,1,1,3000,20,1
20,2,4,2,2,1,1,1,4000,30,1
21,5,3,4,2,1,0,1,4000,40,0
22,2,3,1,1,0,0,0,2000,20,1
23,3,5,2,3,1,1,1,6000,30,0
24,3,4,4,2,1,1,1,4000,40,1
25,4,2,2,1,0,1,1,2000,20,1
26,2,5,1,2,0,1,1,4000,30,1
27,3,3,2,3,1,0,1,5000,50,0
28,3,4,1,2,0,0,1,2000,30,0
29,2,5,1,1,1,1,1,4000,50,1
30,3,3,2,3,1,0,0,5000,60,1
31,1,3,1,1,0,1,1,3000,20,1
32,2,4,2,2,1,1,1,5000,30,1
33,2,5,4,3,1,1,1,5000,50,1
34,1,2,1,1,0,0,0,2000,20,1
35,2,2,2,3,1,1,1,4000,30,1
36,1,4,1,2,1,1,1,4000,50,0
37,3,4,1,3,0,1,1,5000,30,1
38,1,2,1,3,0,1,0,2000,20,1
39,2,5,2,1,1,0,1,6000,50,1
40,3,3,2,2,0,1,1,4000,20,1
41,2,3,1,2,1,1,1,3000,30,0
42,2,4,2,3,1,1,1,5000,20,1
43,3,5,2,3,1,1,1,5000,30,1
44,4,2,4,3,0,0,0,4000,40,0
45,3,2,1,1,0,1,1,2000,20,1
46,2,3,2,1,0,1,1,3000,20,0
47,5,3,4,3,0,0,1,5000,20,1
48,4,4,4,3,1,0,1,5000,30,1
49,4,5,2,3,0,1,0,2000,20,1
50,3,4,4,3,0,0,1,5000,30,1
51,3,2,4,2,1,0,0,4000,40,0
52,3,3,4,3,0,1,1,6000,20,1
53,2,4,3,1,1,1,0,3000,30,1
54,5,3,4,2,1,1,1,4000,30,0
55,3,4,4,3,0,1,1,5000,20,1
56,2,5,3,2,1,1,1,6000,30,0
57,1,3,2,1,0,1,1,2000,20,1
58,3,5,2,2,0,1,1,4000,20,1
59,4,4,3,1,1,1,1,4000,30,1
60,5,4,4,1,0,0,1,3000,40,1
61,3,3,2,1,1,0,1,3000,30,0
62,4,5,1,2,0,1,1,5000,30,1
63,5,4,2,3,1,1,0,4000,20,1
64,4,3,3,2,0,1,1,3000,30,1
65,3,4,2,2,1,1,1,4000,20,1
66,2,3,1,1,1,1,1,3000,20,1
67,3,3,4,3,1,1,1,4000,20,1
68,4,3,2,2,1,1,1,4000,30,1
69,5,3,4,3,1,1,1,3000,40,1
70,3,2,1,1,0,1,0,1000,20,1
71,5,4,2,3,1,1,1,3000,30,1
72,4,5,2,2,1,0,1,4000,50,0
73,1,3,2,2,1,1,1,2000,20,0
74,2,4,1,1,0,1,0,2000,20,1
75,4,3,2,3,1,1,1,4000,20,1
76,3,3,1,2,0,1,1,2000,20,1
77,3,4,2,1,0,1,1,3000,20,0
78,2,4,4,3,1,1,1,4000,30,1
79,4,5,2,1,1,1,1,4000,20,1
80,2,3,4,2,1,1,1,3000,20,1
81,1,2,1,3,1,1,1,4000,30,0
82,4,4,5,3,1,1,1,5000,20,1
83,3,3,3,2,1,1,1,3000,30,0
84,2,3,2,1,1,1,1,2000,20,1
85,3,4,2,2,1,1,1,4000,20,1
86,1,2,1,3,1,1,1,4000,20,0
87,4,4,5,1,1,1,1,3000,30,1
88,2,3,2,2,1,1,1,3000,20,1
89,4,5,5,1,1,1,1,4000,20,1
90,1,2,1,3,1,1,1,3000,30,0
91,1,3,1,2,1,1,1,4000,20,1
92,1,5,2,3,1,1,1,4000,20,0
93,2,4,1,2,1,0,1,3000,20,1
94,5,3,2,3,0,0,1,5000,20,1
95,3,4,2,3,1,1,1,5000,30,1
96,2,5,2,3,1,0,1,4000,40,0
97,3,5,3,3,1,1,1,5000,20,1
98,3,3,2,2,1,0,1,4000,30,1
99,3,3,4,2,1,1,1,5000,50,0
100,4,4,2,3,1,1,1,5000,40,1
101,2,2,1,2,0,1,0,2000,20,1
102,3,3,3,2,1,1,1,4000,30,0
103,1,2,1,1,0,1,0,1000,20,1
104,2,5,2,3,1,0,1,5000,50,1
105,4,3,3,2,1,1,1,3000,30,1
106,2,4,4,1,0,1,1,5000,40,0
107,4,3,2,3,1,0,0,3000,20,1
108,3,4,3,2,1,1,1,4000,30,1
109,3,3,2,2,1,0,1,4000,30,1
110,2,4,1,1,1,1,1,2000,20,0
111,4,5,2,3,1,0,1,3000,50,0
112,2,3,2,3,1,0,1,3000,20,0
113,3,5,2,2,0,1,1,4000,30,0
114,1,4,1,1,1,0,1,3000,50,1
115,2,4,2,1,0,0,1,2000,40,0
116,1,3,1,2,0,1,1,3000,30,0
117,2,3,2,3,1,1,1,4000,30,1
118,2,3,2,3,0,1,0,3000,20,1
119,4,2,4,2,1,0,1,5000,30,0
120,3,4,3,2,1,0,1,3000,40,1
121,2,4,2,3,1,1,1,5000,20,1
122,1,2,1,3,0,0,0,3000,30,0
123,4,1,1,1,0,1,1,3000,40,1
124,1,3,1,1,0,1,0,2000,20,1
125,3,4,2,2,1,1,1,3000,30,1
126,4,4,4,3,1,0,1,3000,40,1
127,1,3,1,2,0,1,0,2000,20,1
128,2,4,2,3,0,1,1,3000,30,0
129,4,4,4,3,1,0,1,4000,40,1
130,1,4,2,2,0,1,1,4000,20,1
131,3,1,3,1,1,1,0,3000,40,0
132,2,3,4,3,0,0,1,4000,20,1
133,2,4,2,1,1,1,1,4000,20,1
134,4,3,5,3,0,0,1,1000,40,1
135,2,3,3,2,1,1,1,3000,20,0
136,2,4,4,3,1,1,1,4000,30,1
137,4,5,2,1,1,1,1,4000,20,0
138,2,3,2,1,0,1,1,3000,20,0
139,4,3,1,3,1,0,1,4000,40,1
140,2,5,2,1,1,0,0,3000,30,0
141,1,4,4,1,0,1,0,2000,20,1
142,3,3,2,2,1,0,1,4000,35,1
143,1,4,2,2,1,1,1,5000,50,1
145,1,2,2,1,0,1,0,1500,22,1
146,2,3,2,2,1,1,1,4000,29,1
147,5,4,3,3,1,1,1,9000,45,1
148,2,4,2,1,0,0,1,3000,37,0
149,3,3,1,2,0,1,1,3000,30,0
150,3,4,2,1,1,1,1,3500,35,1
151,2,4,3,2,0,1,0,4000,40,0
152,1,5,4,2,0,1,1,5000,32,1
153,4,3,3,3,1,0,1,1500,37,1
154,2,3,1,1,0,1,1,2000,20,1
155,3,5,4,3,1,0,1,3000,40,1
156,4,2,2,2,0,1,0,4000,30,1
157,2,3,2,3,1,0,1,3000,20,0
158,2,5,2,2,1,1,1,4000,20,0
159,4,3,4,1,1,1,1,4000,40,1
160,3,3,1,1,1,1,0,2000,20,1
161,4,5,2,2,0,1,1,3000,20,1
162,2,2,2,3,0,1,1,5000,30,0
163,4,2,2,3,1,1,0,5000,20,1
164,3,2,3,1,1,1,1,3000,30,1
165,3,3,1,1,0,1,1,4000,40,1
166,3,5,2,2,0,1,1,4000,20,1
167,2,3,2,3,0,1,1,3000,30,0
167,3,3,1,2,1,1,1,2000,50,0
168,3,5,2,3,1,1,1,4000,40,1
169,1,2,1,1,0,1,1,3000,20,0
170,3,3,2,2,1,0,1,3000,30,1
171,4,3,1,1,1,1,1,3000,20,0
172,2,4,2,2,1,1,1,4000,30,1
173,5,3,4,2,1,0,1,4000,40,0
174,2,3,1,1,0,0,0,2000,20,1
175,3,5,2,3,1,1,1,6000,30,0
176,3,4,4,2,1,1,1,4000,40,1
177,4,2,2,1,0,1,1,2000,20,0
178,2,5,1,2,0,1,1,4000,30,1
179,3,3,2,3,1,0,1,5000,50,0
180,3,4,1,2,0,0,1,2000,30,1
181,2,5,1,1,1,1,1,4000,50,1
182,3,3,2,3,1,0,0,5000,60,1
183,1,3,1,1,0,1,1,3000,20,1
184,2,4,2,2,1,1,1,5000,30,1
185,2,5,4,3,1,1,1,5000,50,1
186,1,2,1,1,0,0,0,2000,20,0
187,2,2,2,3,1,1,1,4000,30,1
188,1,4,1,2,1,1,1,4000,50,0
189,3,4,1,3,0,1,1,5000,30,1
190,1,2,1,3,0,1,0,2000,20,1
191,2,5,2,1,1,0,1,6000,50,1
192,3,3,2,2,0,1,1,4000,20,1
193,2,3,1,2,1,1,1,3000,30,0
194,2,4,2,3,1,1,1,5000,20,1
195,3,5,2,3,1,1,1,5000,30,1
196,4,2,4,3,0,0,0,4000,40,1
197,3,2,1,1,0,1,1,2000,20,1
198,2,3,2,1,0,1,1,3000,20,0
199,5,3,4,3,0,0,1,5000,20,1
200,4,4,4,3,1,0,1,5000,30,1
201,4,5,2,3,0,1,0,2000,20,0
202,3,4,4,3,0,0,1,5000,30,1
203,2,3,1,1,0,1,1,2000,20,0
204,3,5,4,3,1,0,1,3000,40,1
205,4,2,2,2,0,1,0,4000,30,1
206,2,3,2,3,1,0,1,3000,20,0
207,2,5,2,2,1,1,1,4000,20,1
208,4,3,4,1,1,1,1,4000,40,1
209,3,3,1,1,1,1,0,2000,20,1
210,4,5,2,2,0,1,1,3000,20,0
211,2,2,2,3,0,1,1,5000,30,0
212,4,2,2,3,1,1,0,5000,20,1
213,3,2,3,1,1,1,1,3000,30,1
214,3,3,1,1,0,1,1,4000,40,1
215,3,5,2,2,0,1,1,4000,20,1
216,2,3,2,3,0,1,1,3000,30,0
217,3,3,1,2,1,1,1,2000,50,0
218,3,5,2,3,1,1,1,4000,40,1
219,1,2,1,1,0,1,1,3000,20,0
220,3,3,2,2,1,0,1,3000,30,0
221,4,3,1,1,1,1,1,3000,20,1
222,2,4,2,2,1,1,1,4000,30,1
223,5,3,4,2,1,0,1,4000,40,0
224,2,3,1,1,0,0,0,2000,20,1
225,3,5,2,3,1,1,1,6000,30,0
226,3,4,4,2,1,1,1,4000,40,1
227,4,2,2,1,0,1,1,2000,20,0
228,2,5,1,2,0,1,1,4000,30,1
229,3,3,2,3,1,0,1,5000,50,1
230,3,4,1,2,0,0,1,2000,30,1
231,2,5,1,1,1,1,1,4000,50,0
232,3,3,2,3,1,0,0,5000,60,1
233,1,3,1,1,0,1,1,3000,20,1
234,2,4,2,2,1,1,1,5000,30,1
235,2,5,4,3,1,1,1,5000,50,1
236,1,2,1,1,0,0,0,2000,20,0
237,2,2,2,3,1,1,1,4000,30,0
238,1,4,1,2,1,1,1,4000,50,0
239,3,4,1,3,0,1,1,5000,30,1
240,1,2,1,3,0,1,0,2000,20,1
241,2,5,2,1,1,0,1,6000,50,1
242,3,3,2,2,0,1,1,4000,20,1
243,2,3,1,2,1,1,1,3000,30,0
244,2,4,2,3,1,1,1,5000,20,1
245,3,5,2,3,1,1,1,5000,30,1
246,4,2,4,3,0,0,0,4000,40,1
247,3,2,1,1,0,1,1,2000,20,1
248,2,3,2,1,0,1,1,3000,20,0
249,5,3,4,3,0,0,1,5000,20,1
250,4,4,4,3,1,0,1,5000,30,1
251,4,5,2,3,0,1,0,2000,20,0
252,3,4,4,3,0,0,1,5000,30,1
253,3,2,1,1,0,1,1,2000,20,0
254,1,5,2,3,1,1,1,4000,20,1
255,2,4,1,2,1,0,1,3000,20,0
256,5,3,2,3,0,0,1,5000,20,0
257,3,4,2,3,1,1,1,5000,30,1
258,3,3,1,1,0,1,1,4000,40,0
259,3,5,2,2,0,1,1,4000,20,0
260,2,3,2,3,0,1,1,3000,30,1
261,3,3,1,2,1,1,1,2000,50,0
262,3,5,2,3,1,1,1,4000,40,0
263,1,2,1,1,0,1,1,3000,20,1
264,3,3,2,2,1,0,1,3000,30,1
265,2,3,2,3,0,1,1,4000,20,1
266,3,3,3,1,0,1,1,5000,30,1
267,4,4,4,2,0,1,0,5000,40,0
268,3,5,2,1,0,0,1,3000,20,1
269,1,3,2,2,1,0,1,4000,30,0
270,2,4,2,1,0,1,1,3000,30,0
271,3,5,2,3,1,0,1,4000,40,0
272,4,5,2,2,0,1,0,5000,40,1
273,1,2,1,2,0,1,1,3000,20,0
274,2,3,2,1,1,0,1,4000,20,1
275,1,2,1,3,0,1,1,5000,20,0
276,3,3,1,1,0,1,1,3000,20,1
277,2,5,4,3,0,0,1,3000,40,0
278,3,2,2,2,1,1,0,3000,30,1
279,3,3,2,3,0,0,0,3000,20,0
280,2,5,2,2,1,1,1,4000,20,0
281,3,3,4,1,0,1,1,4000,40,1
282,4,3,1,1,1,0,0,2000,20,0
283,2,5,2,2,1,1,1,3000,20,1
284,3,2,2,3,0,1,1,5000,30,0
285,5,2,2,3,1,0,0,5000,20,1
286,4,2,3,1,0,1,1,3000,30,1
287,4,3,1,1,0,0,1,4000,40,0
288,2,5,2,2,1,1,1,4000,20,0
289,3,3,2,3,0,1,1,3000,30,1
290,2,3,1,2,1,1,0,2000,50,0
291,4,5,2,3,0,1,1,4000,40,1
292,3,2,1,1,1,1,1,3000,20,0
293,2,3,2,2,0,0,0,3000,30,1
294,3,3,1,1,1,1,1,3000,20,0
295,3,4,2,2,0,0,1,4000,30,1
296,4,3,4,2,1,0,0,4000,40,1
297,3,3,1,1,1,0,0,2000,20,1
298,2,5,2,3,1,0,1,6000,30,1
299,4,4,4,2,0,1,0,4000,40,1
300,3,2,3,1,0,0,1,2000,20,0
301,1,5,1,2,1,1,1,4000,30,1
302,4,3,4,3,0,1,0,5000,50,1
303,3,4,1,2,1,1,1,2000,30,1
304,4,5,1,1,1,0,0,4000,50,0
305,3,3,4,3,1,1,0,5000,60,0
306,2,3,1,1,0,1,1,3000,20,1
307,1,4,2,2,0,0,0,5000,30,1
308,3,5,4,3,1,1,1,5000,50,0
309,2,2,1,1,1,0,0,2000,20,1
310,3,2,2,3,1,1,1,4000,30,0
311,2,4,1,2,0,1,0,6000,50,1
312,4,4,1,3,1,1,1,4000,30,1
313,2,2,1,3,0,1,0,2000,20,0
314,3,5,2,1,1,0,1,6000,50,1
315,4,3,2,2,1,1,1,4000,20,0
316,3,3,1,2,0,1,1,2000,30,1
317,3,4,2,3,1,0,1,5000,20,0
318,1,5,2,3,0,1,1,4000,30,1
319,2,2,4,3,1,0,0,4000,40,0
320,3,2,1,1,0,0,1,2000,20,0
321,2,3,2,1,0,1,1,3000,20,1
322,4,3,4,3,0,0,1,5000,20,1
323,3,4,4,3,0,1,1,5000,30,0
324,1,5,2,3,1,1,0,2000,20,1
325,2,4,4,3,1,1,1,5000,30,0
326,2,3,1,1,0,1,1,2000,20,0
327,3,5,4,3,1,0,1,3000,40,0
328,4,2,2,2,0,1,0,4000,30,0
329,2,3,2,3,1,0,1,3000,20,0
330,2,5,2,2,1,1,1,4000,20,0
331,4,3,4,1,1,1,1,4000,40,1
332,3,3,1,1,1,1,0,2000,20,0
333,4,5,2,2,0,1,1,3000,20,1
334,2,2,2,3,0,1,1,5000,30,1
335,4,2,2,3,1,1,0,5000,20,0
336,3,2,3,1,1,1,1,3000,30,0
337,3,3,1,1,0,1,1,4000,40,1
338,3,5,2,2,0,1,1,4000,20,0
339,2,3,2,3,0,1,1,3000,30,0
340,3,3,1,2,1,1,1,2000,50,0
341,3,5,2,3,1,1,1,4000,40,1
342,1,2,1,1,0,1,1,3000,20,1
343,3,3,2,2,1,0,1,3000,30,0
344,4,3,1,1,1,1,1,3000,20,0
345,2,4,2,2,1,1,1,4000,30,1
346,5,3,4,2,1,0,1,4000,40,1
347,2,3,1,1,0,0,0,2000,20,1
348,3,5,2,3,1,1,1,6000,30,1
349,3,4,4,2,1,1,1,4000,40,1
350,4,2,2,1,0,1,1,2000,20,0
351,2,5,1,2,0,1,1,4000,30,1
352,3,3,2,3,1,0,1,5000,50,1
353,3,4,1,2,0,0,1,2000,30,0
354,2,5,1,1,1,1,1,4000,50,0
355,3,3,2,3,1,0,0,5000,60,1
356,1,3,1,1,0,1,1,3000,20,0
357,2,4,2,2,1,1,1,5000,30,1
358,2,5,4,3,1,1,1,5000,50,0
359,1,2,1,1,0,0,0,2000,20,1
360,2,2,2,3,1,1,1,4000,30,0
361,1,4,1,2,1,1,1,4000,50,0
362,3,4,1,3,0,1,1,5000,30,0
363,1,2,1,3,0,1,0,2000,20,1
364,2,5,2,1,1,0,1,6000,50,0
365,3,3,2,2,0,1,1,4000,20,1
366,2,3,1,2,1,1,1,3000,30,1
367,2,4,2,3,1,1,1,5000,20,1
368,3,5,2,3,1,1,1,5000,30,0
369,4,2,4,3,0,0,0,4000,40,0
370,3,2,1,1,0,1,1,2000,20,0
371,2,3,2,1,0,1,1,3000,20,0
372,5,3,4,3,0,0,1,5000,20,0
373,4,4,4,3,1,0,1,5000,30,1
374,4,5,2,3,0,1,0,2000,20,0
375,3,4,4,3,0,0,1,5000,30,1
376,3,2,4,2,1,0,0,4000,40,1
377,3,3,4,3,0,1,1,6000,20,1
378,2,4,3,1,1,1,0,3000,30,0
379,5,3,4,2,1,1,1,4000,30,0
380,3,4,4,3,0,1,1,5000,20,0
381,2,5,3,2,1,1,1,6000,30,0
382,1,3,2,1,0,1,1,2000,20,0
383,3,5,2,2,0,1,1,4000,20,1
384,4,4,3,1,1,1,1,4000,30,0
385,5,4,4,1,0,0,1,3000,40,1
386,3,3,2,1,1,0,1,3000,30,1
387,4,5,1,2,0,1,1,5000,30,1
388,5,4,2,3,1,1,0,4000,20,0
389,4,3,3,2,0,1,1,3000,30,1
390,3,4,2,2,1,1,1,4000,20,0
391,2,3,1,1,1,1,1,3000,20,1
392,3,3,4,3,1,1,1,4000,20,0
393,4,3,2,2,1,1,1,4000,30,1
394,5,3,4,3,1,1,1,3000,40,0
395,3,2,1,1,0,1,0,1000,20,1
396,5,4,2,3,1,1,1,3000,30,1
397,4,5,2,2,1,0,1,4000,50,1
398,1,3,2,2,1,1,1,2000,20,0
399,2,4,1,1,0,1,0,2000,20,0
400,4,3,2,3,1,1,1,4000,20,1
401,3,3,1,2,0,1,1,2000,20,0
402,3,4,2,1,0,1,1,3000,20,0
403,2,4,4,3,1,1,1,4000,30,0
404,4,5,2,1,1,1,1,4000,20,1
405,2,3,4,2,1,1,1,3000,20,0
406,1,2,1,3,1,1,1,4000,30,0
407,4,4,5,3,1,1,1,5000,20,0
408,3,3,3,2,1,1,1,3000,30,0
409,2,3,2,1,1,1,1,2000,20,0
410,3,4,2,2,1,1,1,4000,20,1
411,1,2,1,3,1,1,1,4000,20,1
412,4,4,5,1,1,1,1,3000,30,1
413,2,3,2,2,1,1,1,3000,20,0
414,4,5,5,1,1,1,1,4000,20,1
415,1,2,1,3,1,1,1,3000,30,1
416,1,3,1,2,1,1,1,4000,20,1
417,1,5,2,3,1,1,1,4000,20,1
418,2,4,1,2,1,0,1,3000,20,1
419,5,3,2,3,0,0,1,5000,20,0
420,3,4,2,3,1,1,1,5000,30,1
421,2,5,2,3,1,0,1,4000,40,1
422,3,5,3,3,1,1,1,5000,20,1
423,3,3,2,2,1,0,1,4000,30,0
424,3,3,4,2,1,1,1,5000,50,0
425,4,4,2,3,1,1,1,5000,40,0
426,2,2,1,2,0,1,0,2000,20,0
427,3,3,3,2,1,1,1,4000,30,0
428,1,2,1,1,0,1,0,1000,20,0
429,2,5,2,3,1,0,1,5000,50,1
430,4,3,3,2,1,1,1,3000,30,0
431,2,4,4,1,0,1,1,5000,40,0
432,4,3,2,3,1,0,0,3000,20,0
433,3,4,3,2,1,1,1,4000,30,1
434,3,3,2,2,1,0,1,4000,30,0
435,2,4,1,1,1,1,1,2000,20,0
436,4,5,2,3,1,0,1,3000,50,1
437,2,3,2,3,1,0,1,3000,20,0
438,3,5,2,2,0,1,1,4000,30,1
439,1,4,1,1,1,0,1,3000,50,1
440,2,4,2,1,0,0,1,2000,40,1
441,1,3,1,2,0,1,1,3000,30,0
442,2,3,2,3,1,1,1,4000,30,0
443,2,3,2,3,0,1,0,3000,20,1
444,4,2,4,2,1,0,1,5000,30,1
445,3,4,3,2,1,0,1,3000,40,1
446,2,4,2,3,1,1,1,5000,20,0
447,1,2,1,3,0,0,0,3000,30,0
448,4,1,1,1,0,1,1,3000,40,0
449,1,3,1,1,0,1,0,2000,20,1
450,3,4,2,2,1,1,1,3000,30,0
451,4,4,4,3,1,0,1,3000,40,1
452,1,3,1,2,0,1,0,2000,20,0
453,2,4,2,3,0,1,1,3000,30,0
454,4,4,4,3,1,0,1,4000,40,0
455,1,4,2,2,0,1,1,4000,20,1
456,3,1,3,1,1,1,0,3000,40,1
457,2,3,4,3,0,0,1,4000,20,1
458,2,4,2,1,1,1,1,4000,20,0
459,4,3,5,3,0,0,1,1000,40,1
460,2,3,3,2,1,1,1,3000,20,1
461,2,4,4,3,1,1,1,4000,30,1
462,4,5,2,1,1,1,1,4000,20,1
463,2,3,2,1,0,1,1,3000,20,0
464,4,3,1,3,1,0,1,4000,40,0
465,2,5,2,1,1,0,0,3000,30,0
466,1,4,4,1,0,1,0,2000,20,0
467,3,3,2,2,1,0,1,4000,35,1
468,1,4,2,2,1,1,1,5000,50,0
469,1,2,2,1,0,1,0,1500,22,1
470,2,3,2,2,1,1,1,4000,29,0
471,5,4,3,3,1,1,1,9000,45,1
472,2,4,2,1,0,0,1,3000,37,1
473,3,3,1,2,0,1,1,3000,30,0
474,3,4,2,1,1,1,1,3500,35,0
475,2,3,2,3,0,1,1,4000,40,1
476,3,3,1,3,1,1,1,4000,30,1
477,3,3,2,3,0,0,1,3000,30,1
478,2,2,3,1,0,0,1,2000,25,0
479,2,3,1,1,0,1,1,2000,20,0
480,3,5,4,3,1,0,1,3000,40,1
481,4,2,2,2,0,1,0,4000,30,0
482,2,3,2,3,1,0,1,3000,20,0
483,2,5,2,2,1,1,1,4000,20,0
484,4,3,4,1,1,1,1,4000,40,1
485,3,3,1,1,1,1,0,2000,20,1
486,4,5,2,2,0,1,1,3000,20,1
487,2,2,2,3,0,1,1,5000,30,0
488,4,2,2,3,1,1,0,5000,20,0
489,3,2,3,1,1,1,1,3000,30,1
490,3,3,1,1,0,1,1,4000,40,0
491,3,5,2,2,0,1,1,4000,20,1
492,2,3,2,3,0,1,1,3000,30,1
493,3,3,1,2,1,1,1,2000,50,1
494,3,5,2,3,1,1,1,4000,40,1
495,1,2,1,1,0,1,1,3000,20,0
496,3,3,2,2,1,0,1,3000,30,1
497,4,3,1,1,1,1,1,3000,20,0
498,2,4,2,2,1,1,1,4000,30,1
499,5,3,4,2,1,0,1,4000,40,1
500,2,3,1,1,0,0,0,2000,20,0
501,3,5,2,3,1,1,1,6000,30,1
502,3,4,4,2,1,1,1,4000,40,1
503,4,2,2,1,0,1,1,2000,20,1
504,2,5,1,2,0,1,1,4000,30,0
505,3,3,2,3,1,0,1,5000,50,0
506,3,4,1,2,0,0,1,2000,30,1
507,2,5,1,1,1,1,1,4000,50,1
508,3,3,2,3,1,0,0,5000,60,0
509,1,3,1,1,0,1,1,3000,20,0
510,2,4,2,2,1,1,1,5000,30,1
511,2,5,4,3,1,1,1,5000,50,1
512,1,2,1,1,0,0,0,2000,20,0
513,2,2,2,3,1,1,1,4000,30,0
514,1,4,1,2,1,1,1,4000,50,0
515,3,4,1,3,0,1,1,5000,30,1
516,1,2,1,3,0,1,0,2000,20,0
517,2,5,2,1,1,0,1,6000,50,0
518,3,3,2,2,0,1,1,4000,20,1
519,2,3,1,2,1,1,1,3000,30,1
520,2,4,2,3,1,1,1,5000,20,1
521,3,5,2,3,1,1,1,5000,30,1
522,4,2,4,3,0,0,0,4000,40,1
523,3,2,1,1,0,1,1,2000,20,1
524,2,3,2,1,0,1,1,3000,20,0
525,5,3,4,3,0,0,1,5000,20,1
526,4,4,4,3,1,0,1,5000,30,1
527,4,5,2,3,0,1,0,2000,20,1
528,3,4,4,3,0,0,1,5000,30,1
529,3,2,4,2,1,0,0,4000,40,0
530,3,3,4,3,0,1,1,6000,20,1
531,2,4,3,1,1,1,0,3000,30,0
532,5,3,4,2,1,1,1,4000,30,1
533,3,4,4,3,0,1,1,5000,20,1
534,2,5,3,2,1,1,1,6000,30,1
535,1,3,2,1,0,1,1,2000,20,1
536,3,5,2,2,0,1,1,4000,20,1
537,4,4,3,1,1,1,1,4000,30,1
538,5,4,4,1,0,0,1,3000,40,1
539,3,3,2,1,1,0,1,3000,30,1
540,4,5,1,2,0,1,1,5000,30,0
541,5,4,2,3,1,1,0,4000,20,0
542,4,3,3,2,0,1,1,3000,30,1
543,3,4,2,2,1,1,1,4000,20,0
544,2,3,1,1,1,1,1,3000,20,0
545,3,3,4,3,1,1,1,4000,20,1
546,4,3,2,2,1,1,1,4000,30,1
547,5,3,4,3,1,1,1,3000,40,1
548,3,2,1,1,0,1,0,1000,20,1
549,5,4,2,3,1,1,1,3000,30,1
550,4,5,2,2,1,0,1,4000,50,1
551,1,3,2,2,1,1,0,2000,20,0
552,2,4,1,1,0,1,0,2000,20,1
553,4,3,2,3,1,1,1,4000,20,1
554,3,3,1,2,0,1,1,2000,20,1
555,3,4,2,1,0,1,1,3000,20,1
556,2,4,4,3,1,1,1,4000,30,1
557,4,5,2,1,1,1,1,4000,20,1
558,2,3,4,2,1,1,1,3000,20,1
559,1,2,1,3,1,1,1,4000,30,0
560,4,4,5,3,1,1,1,5000,20,1
561,3,3,3,2,1,1,1,3000,30,1
562,2,3,2,1,1,1,1,2000,20,0
563,3,4,2,2,1,1,1,4000,20,0
564,1,2,1,3,1,1,1,4000,20,0
565,4,4,5,1,1,1,1,3000,30,1
566,2,3,2,2,1,1,1,3000,20,0
567,4,5,5,1,1,1,1,4000,20,1
568,1,2,1,3,1,1,1,3000,30,0
569,1,3,1,2,1,1,1,4000,20,0
570,1,5,2,3,1,1,1,4000,20,0
571,2,4,1,2,1,0,1,3000,20,1
572,5,3,2,3,0,0,1,5000,20,0
573,3,4,2,3,1,1,1,5000,30,1
574,2,5,2,3,1,0,1,4000,40,1
575,3,5,3,3,1,1,1,5000,20,1
576,3,3,2,2,1,0,1,4000,30,0
577,3,3,4,2,1,1,1,5000,50,1
578,4,4,2,3,1,1,1,5000,40,1
579,2,2,1,2,0,1,0,2000,20,0
580,3,3,3,2,1,1,1,4000,30,1
581,1,2,1,1,0,1,0,1000,20,0
582,2,5,2,3,1,0,1,5000,50,1
583,4,3,3,2,1,1,1,3000,30,1
584,2,4,4,1,0,1,1,5000,40,1
585,4,3,2,3,1,0,0,3000,20,0
586,3,4,3,2,1,1,1,4000,30,1
587,3,3,2,2,1,0,1,4000,30,0
588,2,4,1,1,1,1,1,2000,20,1
589,4,5,2,3,1,0,1,3000,50,1
590,2,3,2,3,1,0,1,3000,20,1
591,3,5,2,2,0,1,1,4000,30,1
592,1,4,1,1,1,0,1,3000,50,0
593,2,4,2,1,0,0,1,2000,40,0
594,1,3,1,2,0,1,1,3000,30,0
595,2,3,2,3,1,1,1,4000,30,1
596,2,3,2,3,0,1,0,3000,20,0
597,4,2,4,2,1,0,1,5000,30,1
598,3,4,3,2,1,0,1,3000,40,1
599,2,4,2,3,1,1,1,5000,20,0
600,1,2,1,3,0,0,0,3000,30,0
601,4,2,1,1,0,1,1,3000,40,1
602,1,3,1,1,0,1,0,2000,20,0
603,3,4,2,2,1,1,1,3000,30,1
604,4,4,4,3,1,0,1,3000,40,1
605,1,3,1,2,0,1,0,2000,20,0
606,2,4,2,3,0,1,1,3000,30,1
607,4,4,4,3,1,0,1,4000,40,1
608,1,4,2,2,0,1,1,4000,20,0
609,3,2,3,1,1,1,0,3000,40,0
610,2,3,4,3,0,0,1,4000,20,1
611,2,4,2,1,1,1,1,4000,20,1
612,4,3,5,3,0,0,1,1000,40,1
613,2,3,3,2,1,1,1,3000,20,0
614,2,4,4,3,1,1,1,4000,30,1
615,4,5,2,1,1,1,1,4000,20,1
616,2,3,2,1,0,1,1,3000,20,0
617,4,3,1,3,1,0,1,4000,40,1
618,2,5,2,1,1,0,0,3000,30,1
619,1,4,4,1,0,1,0,2000,20,0
620,2,4,2,3,1,1,1,5000,20,1
621,3,5,2,3,1,1,1,5000,30,1
622,4,2,4,3,0,0,0,4000,40,0
623,3,2,1,1,0,1,1,2000,20,0
624,2,3,2,1,0,1,1,3000,20,0
625,5,3,4,3,0,0,1,5000,20,0
626,4,4,4,3,1,0,1,5000,30,1
627,4,5,2,3,0,1,0,2000,20,0
628,3,4,4,3,0,0,1,5000,30,1
629,3,2,4,2,1,0,0,4000,40,1
630,3,3,4,3,0,1,1,6000,20,0
631,2,4,3,1,1,1,0,3000,30,1
632,5,3,4,2,1,1,1,4000,30,1
633,3,4,4,3,0,1,1,5000,20,1
634,2,5,3,2,1,1,1,6000,30,0
635,1,3,2,1,0,1,1,2000,20,0
636,3,5,2,2,0,1,1,4000,20,1
637,4,4,3,1,1,1,1,4000,30,0
638,5,4,4,1,0,0,1,3000,40,0
639,3,3,2,1,1,0,1,3000,30,0
640,4,5,1,2,0,1,1,5000,30,1
641,5,4,2,3,1,1,0,4000,20,0
642,4,3,3,2,0,1,1,3000,30,1
643,3,4,2,2,1,1,1,4000,20,1
644,2,3,1,1,1,1,1,3000,20,0
645,3,3,4,3,1,1,1,4000,20,1
646,4,3,2,2,1,1,1,4000,30,0
647,5,3,4,3,1,1,1,3000,40,1
648,3,2,1,1,0,1,0,1000,20,1
649,5,4,2,3,1,1,1,3000,30,1
650,4,5,2,2,1,0,1,4000,50,0
651,1,3,2,2,1,1,1,2000,20,0
652,2,4,1,1,0,1,0,2000,20,1
653,4,3,2,3,1,1,1,4000,20,0
654,3,3,1,2,0,1,1,2000,20,0
655,3,4,2,1,0,1,1,3000,20,1
656,2,4,4,3,1,1,1,4000,30,1
657,4,5,2,1,1,1,1,4000,20,1
658,2,3,4,2,1,1,1,3000,20,0
659,1,2,1,3,1,1,1,4000,30,1
660,4,4,5,3,1,1,1,5000,20,0
661,3,3,3,2,1,1,1,3000,30,0
662,2,3,2,1,1,1,1,2000,20,1
663,3,4,2,2,1,1,1,4000,20,1
664,1,2,1,3,1,1,1,4000,20,0
665,4,4,5,1,1,1,1,3000,30,0
666,2,3,2,2,1,1,1,3000,20,1
667,4,5,5,1,1,1,1,4000,20,0
668,1,2,1,3,1,1,1,3000,30,1
669,1,3,1,2,1,1,1,4000,20,1
670,1,5,2,3,1,1,1,4000,20,0
671,3,5,2,1,1,1,1,4000,20,1
672,4,4,3,3,1,1,1,3000,30,1
673,4,3,4,2,1,1,1,300,40,1
674,3,3,3,3,1,1,1,3000,20,1
675,2,3,5,2,1,1,1,3000,30,0
676,2,3,3,1,1,0,1,3000,40,0
677,1,3,3,1,1,1,1,3000,30,0
678,4,4,4,2,1,1,1,4000,40,1
679,3,4,4,3,1,0,0,4000,20,1
680,2,3,4,3,1,0,0,2000,40,0
681,1,3,4,1,1,1,1,1000,30,0
682,3,3,1,1,1,1,1,3000,40,1
683,4,4,2,2,1,0,0,5000,30,0
684,1,3,3,3,1,1,1,2000,20,1
685,2,2,2,2,1,0,1,1000,20,0
686,1,3,3,3,1,1,1,3000,40,0
687,3,3,3,1,1,1,1,3000,30,1
688,2,2,4,2,1,1,1,2000,30,0
689,3,5,2,2,1,1,1,4000,20,0
690,4,4,2,3,1,0,0,3000,40,1
691,5,2,1,2,1,0,0,3000,20,1
692,4,4,2,3,1,1,1,4000,30,0
693,3,3,1,1,1,1,1,3000,40,1
694,2,5,2,2,1,0,0,2000,40,1
695,3,2,1,1,1,1,1,3000,30,0
696,4,3,2,2,1,0,1,4000,20,1
697,5,5,4,2,1,1,1,2000,20,0
698,3,5,1,1,1,1,1,1000,30,1
699,5,4,2,3,1,1,1,2000,40,1
700,4,3,4,2,1,1,1,3000,30,0
701,1,3,2,1,1,1,1,5000,30,0
702,2,3,1,2,1,0,0,4000,20,1
703,4,3,2,3,1,0,0,3000,30,1
704,3,3,1,2,1,1,1,2000,40,0
705,3,4,1,1,1,1,1,3000,30,0
706,2,4,2,3,1,0,0,2000,20,0
707,4,3,1,1,1,1,1,4000,40,0
708,2,3,2,2,1,0,1,2000,20,1
709,1,5,4,3,1,1,1,3000,40,0
710,4,2,2,2,1,1,1,4000,30,0
711,2,3,2,3,1,1,1,3000,20,1
712,2,5,2,2,1,1,1,4000,20,0
713,4,3,4,1,1,1,1,4000,40,0
714,3,3,1,1,1,1,0,2000,20,0
715,4,5,2,2,0,1,1,3000,20,1
716,2,2,2,3,0,1,1,5000,30,1
717,4,2,2,3,1,1,0,5000,20,0
718,3,2,3,1,1,1,1,3000,30,1
719,3,3,1,1,0,1,1,4000,40,1
720,3,5,2,2,0,1,1,4000,20,0
721,2,3,2,3,0,1,1,3000,30,1
722,3,3,1,2,1,1,1,2000,50,1
723,3,5,2,3,1,1,1,4000,40,0
724,1,2,1,1,0,1,1,3000,20,0
725,3,3,2,2,1,0,1,3000,30,0
726,4,3,1,1,1,1,1,3000,20,0
727,2,4,2,2,1,1,1,4000,30,1
728,5,3,4,2,1,0,1,4000,40,1
729,2,3,1,1,0,0,0,2000,20,1
730,3,5,2,3,1,1,1,6000,30,0
731,3,4,4,2,1,1,1,4000,40,0
732,4,2,2,1,0,1,1,2000,20,1
733,2,5,1,2,0,1,1,4000,30,1
734,3,3,2,3,1,0,1,5000,50,0
735,3,4,1,2,0,0,1,2000,30,1
736,2,5,1,1,1,1,1,4000,50,1
737,3,3,2,3,1,0,0,5000,60,0
738,1,3,1,1,0,1,1,3000,20,0
739,2,4,2,2,1,1,1,5000,30,0
740,2,5,4,3,1,1,1,5000,50,1
741,1,2,1,1,0,0,0,2000,20,1
742,2,2,2,3,1,1,1,4000,30,0
743,1,4,1,2,1,1,1,4000,50,0
744,3,4,1,3,0,1,1,5000,30,0
745,1,2,1,3,0,1,0,2000,20,0
746,2,5,2,1,1,0,1,6000,50,0
747,3,3,2,2,0,1,1,4000,20,0
748,2,3,1,2,1,1,1,3000,30,1
749,2,4,2,3,1,1,1,5000,20,0
750,3,5,2,3,1,1,1,5000,30,0
751,4,2,4,3,0,0,0,4000,40,1
752,3,2,1,1,0,1,1,2000,20,1
753,2,3,2,1,0,1,1,3000,20,0
754,5,3,4,3,0,0,1,5000,20,0
755,4,4,4,3,1,0,1,5000,30,1
756,4,5,2,3,0,1,0,2000,20,0
757,3,4,4,3,0,0,1,5000,30,0
758,3,2,4,2,1,0,0,4000,40,1
759,3,3,4,3,0,1,1,6000,20,0
760,2,4,3,1,1,1,0,3000,30,0
761,5,3,4,2,1,1,1,4000,30,0
762,3,4,4,3,0,1,1,5000,20,0
763,2,5,3,2,1,1,1,6000,30,0
764,1,3,2,1,0,1,1,2000,20,1
765,3,5,2,2,0,1,1,4000,20,0
766,4,4,3,1,1,1,1,4000,30,1
767,5,4,4,1,0,0,1,3000,40,0
768,3,3,2,1,1,0,1,3000,30,1
769,4,5,1,2,0,1,1,5000,30,1
770,5,4,2,3,1,1,0,4000,20,1
771,4,3,3,2,0,1,1,3000,30,1
772,3,4,2,2,1,1,1,4000,20,0
773,2,3,1,1,1,1,1,3000,20,0
774,3,3,4,3,1,1,1,4000,20,0
775,4,3,2,2,1,1,1,4000,30,1
776,5,3,4,3,1,1,1,3000,40,0
777,3,2,1,1,0,1,0,1000,20,1
778,5,4,2,3,1,1,1,3000,30,0
779,4,5,2,2,1,0,1,4000,50,1
780,1,3,2,2,1,1,1,2000,20,1
781,2,4,1,1,0,1,0,2000,20,1
782,4,3,2,3,1,1,1,4000,20,0
783,3,3,1,2,0,1,1,2000,20,1
784,3,4,2,1,0,1,1,3000,20,0
785,2,4,4,3,1,1,1,4000,30,1
786,4,5,2,1,1,1,1,4000,20,0
787,2,3,4,2,1,1,1,3000,20,0
788,1,2,1,3,1,1,1,4000,30,1
789,4,4,5,3,1,1,1,5000,20,0
790,3,3,3,2,1,1,1,3000,30,0
791,2,3,2,1,1,1,1,2000,20,1
792,3,4,2,2,1,1,1,4000,20,0
793,1,2,1,3,1,1,1,4000,20,0
794,4,4,5,1,1,1,1,3000,30,1
795,2,3,2,2,1,1,1,3000,20,0
796,4,5,5,1,1,1,1,4000,20,1
797,1,2,1,3,1,1,1,3000,30,1
798,1,3,1,2,1,1,1,4000,20,1
799,1,5,2,3,1,1,1,4000,20,1
800,2,4,1,2,1,0,1,3000,20,0
801,5,3,2,3,0,0,1,5000,20,0
802,3,4,2,3,1,1,1,5000,30,0
803,2,5,2,3,1,0,1,4000,40,0
804,3,5,3,3,1,1,1,5000,20,0
805,3,3,2,2,1,0,1,4000,30,1
806,3,3,4,2,1,1,1,5000,50,1
807,4,4,2,3,1,1,1,5000,40,0
808,2,2,1,2,0,1,0,2000,20,1
809,3,3,3,2,1,1,1,4000,30,1
810,1,2,1,1,0,1,0,1000,20,1
811,2,5,2,3,1,0,1,5000,50,0
812,4,3,3,2,1,1,1,3000,30,0
813,2,4,4,1,0,1,1,5000,40,1
814,4,3,2,3,1,0,0,3000,20,0
815,3,4,3,2,1,1,1,4000,30,0
816,3,3,2,2,1,0,1,4000,30,0
817,2,4,1,1,1,1,1,2000,20,1
818,4,5,2,3,1,0,1,3000,50,1
819,2,3,2,3,1,0,1,3000,20,1
820,3,5,2,2,0,1,1,4000,30,1
821,1,4,1,1,1,0,1,3000,50,0
822,2,4,2,1,0,0,1,2000,40,1
823,1,3,1,2,0,1,1,3000,30,0
824,2,3,2,3,1,1,1,4000,30,1
825,2,3,2,3,0,1,0,3000,20,0
826,4,2,4,2,1,0,1,5000,30,1
827,3,4,3,2,1,0,1,3000,40,1
828,2,4,2,3,1,1,1,5000,20,0
829,1,2,1,3,0,0,0,3000,30,0
830,4,1,1,1,0,1,1,3000,40,0
831,1,3,1,1,0,1,0,2000,20,0
832,3,4,2,2,1,1,1,3000,30,1
833,4,4,4,3,1,0,1,3000,40,1
834,1,3,1,2,0,1,0,2000,20,0
835,2,4,2,3,0,1,1,3000,30,1
836,4,4,4,3,1,0,1,4000,40,0
837,1,4,2,2,0,1,1,4000,20,1
838,3,1,3,1,1,1,0,3000,40,0
839,2,3,4,3,0,0,1,4000,20,0
840,2,4,2,1,1,1,1,4000,20,0
841,4,3,5,3,0,0,1,1000,40,1
842,2,3,3,2,1,1,1,3000,20,1
843,2,4,4,3,1,1,1,4000,30,0
844,4,5,2,1,1,1,1,4000,20,0
845,2,3,2,1,0,1,1,3000,20,0
846,4,3,1,3,1,0,1,4000,40,1
847,2,5,2,1,1,0,0,3000,30,1
848,1,4,4,1,0,1,0,2000,20,0
849,2,3,1,1,0,1,1,2000,20,0
850,3,5,4,3,1,0,1,3000,40,1
851,4,2,2,2,0,1,0,4000,30,0
852,2,3,2,3,1,0,1,3000,20,0
853,2,5,2,2,1,1,1,4000,20,0
854,4,3,4,1,1,1,1,4000,40,0
855,3,3,1,1,1,1,0,2000,20,1
856,4,5,2,2,0,1,1,3000,20,1
857,2,2,2,3,0,1,1,5000,30,0
858,4,2,2,3,1,1,0,5000,20,1
859,3,2,3,1,1,1,1,3000,30,1
860,3,3,1,1,0,1,1,4000,40,1
861,3,5,2,2,0,1,1,4000,20,1
862,2,3,2,3,0,1,1,3000,30,1
863,3,3,1,2,1,1,1,2000,50,0
864,3,5,2,3,1,1,1,4000,40,1
865,1,2,1,1,0,1,1,3000,20,1
866,3,3,2,2,1,0,1,3000,30,1
867,4,3,1,1,1,1,1,3000,20,0
868,2,4,2,2,1,1,1,4000,30,1
869,5,3,4,2,1,0,1,4000,40,1
870,2,3,1,1,0,0,0,2000,20,1
871,3,5,2,3,1,1,1,6000,30,1
872,3,4,4,2,1,1,1,4000,40,1
873,4,2,2,1,0,1,1,2000,20,1
874,2,5,1,2,0,1,1,4000,30,1
875,3,3,2,3,1,0,1,5000,50,1
876,3,4,1,2,0,0,1,2000,30,1
877,2,5,1,1,1,1,1,4000,50,1
878,3,3,2,3,1,0,0,5000,60,1
879,1,3,1,1,0,1,1,3000,20,1
880,2,4,2,2,1,1,1,5000,30,0
881,2,5,4,3,1,1,1,5000,50,1
882,1,2,1,1,0,0,0,2000,20,0
883,2,2,2,3,1,1,1,4000,30,1
884,1,4,1,2,1,1,1,4000,50,1
885,3,4,1,3,0,1,1,5000,30,1
886,1,2,1,3,0,1,0,2000,20,1
887,2,5,2,1,1,0,1,6000,50,0
888,3,3,2,2,0,1,1,4000,20,1
889,2,3,1,2,1,1,1,3000,30,1
890,2,4,2,3,1,1,1,5000,20,1
891,3,5,2,3,1,1,1,5000,30,1
892,4,2,4,3,0,0,0,4000,40,0
893,3,2,1,1,0,1,1,2000,20,1
894,2,3,2,1,0,1,1,3000,20,0
895,5,3,4,3,0,0,1,5000,20,1
896,4,4,4,3,1,0,1,5000,30,1
897,4,5,2,3,0,1,0,2000,20,0
898,3,4,4,3,0,0,1,5000,30,1
899,3,2,4,2,1,0,0,4000,40,1
900,3,3,4,3,0,1,1,6000,20,0
901,2,4,3,1,1,1,0,3000,30,0
902,5,3,4,2,1,1,1,4000,30,1
903,3,4,4,3,0,1,1,5000,20,1
904,2,5,3,2,1,1,1,6000,30,1
905,1,3,2,1,0,1,1,2000,20,0
906,3,5,2,2,0,1,1,4000,20,1
907,4,4,3,1,1,1,1,4000,30,0
908,5,4,4,1,0,0,1,3000,40,0
909,3,3,2,1,1,0,1,3000,30,0
910,4,5,1,2,0,1,1,5000,30,1
911,5,4,2,3,1,1,0,4000,20,1
912,4,3,3,2,0,1,1,3000,30,1
913,3,4,2,2,1,1,1,4000,20,1
914,2,3,1,1,1,1,1,3000,20,1
915,3,3,4,3,1,1,1,4000,20,0
916,4,3,2,2,1,1,1,4000,30,1
917,5,3,4,3,1,1,1,3000,40,1
918,3,2,1,1,0,1,0,1000,20,1
919,5,4,2,3,1,1,1,3000,30,1
920,4,5,2,2,1,0,1,4000,50,0
921,1,3,2,2,1,1,1,2000,20,0
922,2,4,1,1,0,1,0,2000,20,0
923,4,3,2,3,1,1,1,4000,20,1
924,3,3,1,2,0,1,1,2000,20,1
925,3,4,2,1,0,1,1,3000,20,1
926,2,4,4,3,1,1,1,4000,30,0
927,4,5,2,1,1,1,1,4000,20,1
928,2,3,4,2,1,1,1,3000,20,1
929,1,2,1,3,1,1,1,4000,30,1
930,4,4,5,3,1,1,1,5000,20,0
931,3,3,3,2,1,1,1,3000,30,0
932,2,3,2,1,1,1,1,2000,20,1
933,3,4,2,2,1,1,1,4000,20,1
934,1,2,1,3,1,1,1,4000,20,1
935,4,4,5,1,1,1,1,3000,30,1
936,2,3,2,2,1,1,1,3000,20,0
937,4,5,5,1,1,1,1,4000,20,0
938,1,2,1,3,1,1,1,3000,30,1
939,1,3,1,2,1,1,1,4000,20,1
940,1,5,2,3,1,1,1,4000,20,1
941,2,4,1,2,1,0,1,3000,20,1
942,5,3,2,3,0,0,1,5000,20,1
943,3,4,2,3,1,1,1,5000,30,1
944,2,5,2,3,1,0,1,4000,40,1
945,3,5,3,3,1,1,1,5000,20,1
946,3,3,2,2,1,0,1,4000,30,1
947,3,3,4,2,1,1,1,5000,50,1
948,4,4,2,3,1,1,1,5000,40,0
949,2,2,1,2,0,1,0,2000,20,1
950,3,3,3,2,1,1,1,4000,30,1
951,1,2,1,1,0,1,0,1000,20,0
952,2,5,2,3,1,0,1,5000,50,1
953,4,3,3,2,1,1,1,3000,30,1
954,2,4,4,1,0,1,1,5000,40,1
955,4,3,2,3,1,0,0,3000,20,1
956,3,4,3,2,1,1,1,4000,30,1
957,3,3,2,2,1,0,1,4000,30,1
958,2,4,1,1,1,1,1,2000,20,1
959,4,5,2,3,1,0,1,3000,50,1
960,2,3,2,3,1,0,1,3000,20,1
961,3,5,2,2,0,1,1,4000,30,0
962,1,4,1,1,1,0,1,3000,50,0
963,2,4,2,1,0,0,1,2000,40,0
964,1,3,1,2,0,1,1,3000,30,0
965,2,3,2,3,1,1,1,4000,30,0
966,2,3,2,3,0,1,0,3000,20,1
967,4,2,4,2,1,0,1,5000,30,1
968,3,4,3,2,1,0,1,3000,40,0
969,2,4,2,3,1,1,1,5000,20,1
970,1,2,1,3,0,0,0,3000,30,1
971,4,1,1,1,0,1,1,3000,40,1
972,1,3,1,1,0,1,0,2000,20,0
973,3,4,2,2,1,1,1,3000,30,0
974,4,4,4,3,1,0,1,3000,40,0
975,1,3,1,2,0,1,0,2000,20,1
976,2,4,2,3,0,1,1,3000,30,1
977,4,4,4,3,1,0,1,4000,40,1
978,1,4,2,2,0,1,1,4000,20,0
979,3,1,3,1,1,1,0,3000,40,1
980,2,3,4,3,0,0,1,4000,20,0
981,2,4,2,1,1,1,1,4000,20,1
982,4,3,5,3,0,0,1,1000,40,0
983,2,3,3,2,1,1,1,3000,20,0
984,2,4,4,3,1,1,1,4000,30,1
985,4,5,2,1,1,1,1,4000,20,1
986,2,3,2,1,0,1,1,3000,20,1
987,4,3,1,3,1,0,1,4000,40,0
988,2,5,2,1,1,0,0,3000,30,1
989,1,4,4,1,0,1,0,2000,20,1
990,2,3,1,1,0,1,1,2000,20,1
991,3,5,4,3,1,1,1,3000,40,0
992,4,2,2,2,0,1,0,4000,30,1
993,2,3,2,3,1,0,1,3000,20,0
994,2,5,2,2,1,1,1,4000,20,1
995,2,3,1,1,0,1,1,2000,20,1
996,3,5,4,3,1,0,1,3000,40,0
997,4,2,2,2,0,1,0,4000,30,1
998,2,3,2,3,1,0,1,3000,20,0
999,2,5,2,2,1,1,1,4000,20,1
1000,4,3,4,1,1,1,1,4000,40,1
1001,3,3,1,1,1,1,0,2000,20,1
1002,4,5,2,2,0,1,1,3000,20,1
1003,2,2,2,3,0,1,1,5000,30,0
1004,4,2,2,3,1,1,0,5000,20,0
1005,3,2,3,1,1,1,1,3000,30,1
1006,3,3,1,1,0,1,1,4000,40,1
1007,3,5,2,2,0,1,1,4000,20,1
1008,2,3,2,3,0,1,1,3000,30,0
1009,3,3,1,2,1,1,1,2000,50,1
1010,3,5,2,3,1,1,1,4000,40,1
1011,1,2,1,1,0,1,1,3000,20,0
1012,3,3,2,2,1,0,1,3000,30,0
1013,4,3,1,1,1,1,1,3000,20,1
1014,2,4,2,2,1,1,1,4000,30,1
1015,5,3,4,2,1,0,1,4000,40,0
1016,2,3,1,1,0,0,0,2000,20,1
1017,3,5,2,3,1,1,1,6000,30,0
1018,3,4,4,2,1,1,1,4000,40,1
1019,4,2,2,1,0,1,1,2000,20,1
1020,2,5,1,2,0,1,1,4000,30,1
1021,3,3,2,3,1,0,1,5000,50,0
1022,3,4,1,2,0,0,1,2000,30,0
1023,2,5,1,1,1,1,1,4000,50,0
1024,3,3,2,1,1,0,0,5000,60,0
1025,1,3,1,1,0,1,1,3000,20,0
1026,2,4,2,1,1,1,1,5000,30,0
1027,2,5,4,1,1,1,1,5000,50,0
1028,1,2,1,1,0,0,0,2000,20,1
1029,2,2,2,3,1,1,1,4000,30,0
1030,1,4,1,2,1,1,1,4000,50,0
1031,3,4,1,3,0,1,1,5000,30,1
1032,1,2,1,3,0,1,0,2000,20,1
1033,2,5,2,1,1,0,1,6000,50,1
1034,3,3,2,2,0,1,1,4000,20,1
1035,2,3,1,2,1,1,1,3000,30,0
1036,2,4,2,3,1,1,1,5000,20,1
1037,3,5,2,3,1,1,1,5000,30,1
1038,4,2,4,3,0,0,0,4000,40,0
1039,3,2,1,1,0,1,1,2000,20,1
1040,2,3,2,1,0,1,1,3000,20,0
1041,5,3,4,3,0,0,1,5000,20,1
1042,4,4,4,3,1,0,1,5000,30,1
1043,4,5,2,3,0,1,0,2000,20,1
1044,3,4,4,3,0,0,1,5000,30,1
1045,3,2,4,2,1,0,0,4000,40,0
1046,3,3,4,3,0,1,1,6000,20,1
1047,2,4,3,1,1,1,0,3000,30,1
1048,5,3,4,2,1,1,1,4000,30,0
1049,3,4,4,3,0,1,1,5000,20,1
1050,2,5,3,2,1,1,1,6000,30,0
1051,1,3,2,1,0,1,1,2000,20,1
1052,3,5,2,2,0,1,1,4000,20,1
1053,4,4,3,1,1,1,1,4000,30,1
1054,5,4,4,1,0,0,1,3000,40,1
1055,3,3,2,1,1,0,1,3000,30,0
1056,4,5,1,2,0,1,1,5000,30,1
1057,5,4,2,3,1,1,0,4000,20,1
1058,4,3,3,2,0,1,1,3000,30,1
1059,3,4,2,2,0,1,1,4000,20,1
1060,2,3,1,1,0,1,1,3000,20,1
1061,3,3,4,3,0,1,1,4000,20,1
1062,4,3,2,2,1,1,1,4000,30,1
1063,5,3,4,3,1,1,1,3000,40,1
1064,3,2,1,1,0,1,0,1000,20,1
1065,5,4,2,3,1,1,1,3000,30,1
1066,4,5,2,2,1,0,1,4000,50,0
1067,1,3,2,2,1,1,1,2000,20,0
1068,2,4,1,1,1,1,1,2000,20,1
1069,4,3,2,3,1,1,1,4000,20,1
1070,3,3,1,2,1,1,1,2000,20,1
1071,3,4,2,1,1,1,1,3000,20,0
1072,2,4,4,3,1,1,0,4000,30,1
1073,4,5,2,1,1,1,1,4000,20,1
1074,2,3,4,2,1,1,1,3000,20,1
1075,1,2,1,3,1,1,1,4000,30,0
1076,4,4,5,3,1,1,1,5000,20,1
1077,3,3,3,3,1,1,0,3000,30,0
1078,2,3,2,3,1,1,1,2000,20,1
1079,3,4,2,3,1,1,1,4000,20,1
1080,1,2,1,3,1,1,1,4000,20,0
1081,4,4,5,1,1,1,1,3000,30,1
1082,2,3,2,2,1,1,1,3000,20,1
1083,4,5,5,1,1,1,1,4000,20,1
1084,1,2,1,3,1,1,1,3000,30,0
1085,1,3,1,2,1,1,1,4000,20,1
1086,1,5,2,3,1,1,1,4000,20,0
1087,2,4,1,2,1,0,1,3000,20,1
1088,5,3,2,3,0,0,0,5000,20,1
1089,3,4,2,3,1,1,0,5000,30,1
1090,2,5,2,3,1,0,0,4000,40,0
1091,3,5,3,3,1,1,0,5000,20,1
1092,3,3,2,2,1,0,1,4000,30,1
1093,3,3,4,2,1,1,1,5000,50,0
1094,4,4,2,3,1,1,1,5000,40,1
1095,2,2,1,2,0,1,0,2000,20,1
1096,3,3,3,2,0,1,1,4000,30,0
1097,1,2,1,1,0,1,0,1000,20,1
1098,2,5,2,3,0,0,0,5000,50,1
1099,4,3,3,2,0,1,0,3000,30,1
1100,2,4,4,1,0,1,0,5000,40,0
1101,4,3,2,3,1,0,0,3000,20,1
1102,3,4,3,2,1,1,1,4000,30,1
1103,3,3,2,2,1,0,1,4000,30,1
1104,2,4,1,1,1,1,1,2000,20,0
1105,4,5,2,3,1,0,0,3000,50,0
1106,2,3,2,3,1,0,0,3000,20,0
1107,3,5,2,2,0,1,0,4000,30,0
1108,1,4,1,1,1,0,0,3000,50,1
1109,2,4,2,1,0,0,1,2000,40,0
1110,1,3,1,2,0,1,1,3000,30,0
1111,2,3,2,3,1,1,1,4000,30,1
1112,2,3,2,3,0,1,0,3000,20,1
1113,4,2,4,2,1,0,1,5000,30,0
1114,3,4,3,2,1,0,1,3000,40,1
1115,2,4,2,3,1,0,1,5000,20,1
1116,1,2,1,3,0,0,0,6000,30,0
1117,4,1,1,1,0,0,1,3000,40,1
1118,1,3,1,1,0,0,0,2000,20,1
1119,3,4,2,2,1,0,1,3000,30,1
1120,4,4,4,2,1,0,1,3000,40,1
1121,1,3,1,2,0,1,0,2000,20,1
1122,2,4,2,3,0,1,1,3000,30,0
1123,4,4,4,3,1,0,1,4000,40,1
1124,1,4,2,2,0,1,1,4000,20,1
1125,3,1,3,1,1,1,0,3000,40,0
1126,2,3,4,3,0,0,1,4000,20,1
1127,2,4,2,1,1,1,1,4000,20,1
1128,4,3,5,3,0,0,1,1000,40,1
1129,2,3,3,2,1,1,1,5000,20,0
1130,2,4,4,3,1,1,1,4000,30,1
1131,4,5,2,1,1,1,1,4000,20,0
1132,2,3,2,1,0,1,1,3000,20,0
1133,4,3,1,3,1,0,1,4000,40,1
1134,2,5,2,1,1,0,0,5000,30,0
1135,3,5,2,3,1,0,1,7000,50,0
1136,4,3,3,1,1,1,1,3500,30,0
1137,2,4,4,2,0,1,1,5500,37,1
1138,4,3,2,3,1,1,0,7000,20,0
1139,3,4,3,2,1,1,0,3700,30,1
1140,3,3,2,3,1,0,1,4200,43,1
1141,2,4,2,2,1,1,1,4000,28,0
1142,4,5,2,3,1,1,1,3400,52,1
1143,2,3,2,3,1,0,1,3000,27,1
1144,3,5,2,3,0,1,1,4200,30,1
1145,1,4,2,1,1,0,0,3400,48,0
1146,2,2,2,1,0,0,1,1800,40,1
1147,1,3,2,2,1,1,1,3200,30,1
1148,3,3,1,2,1,1,1,2000,50,0
1149,3,5,2,3,1,1,1,4000,40,1
1150,1,2,1,1,0,1,1,3000,20,1
1151,3,3,2,2,1,0,1,3000,30,1
1152,4,3,1,1,1,1,1,3000,20,1
1153,2,4,2,2,1,1,1,4000,30,0
1154,5,3,4,2,1,0,1,4000,40,0
1155,2,3,1,1,0,0,0,2000,20,1
1156,3,5,2,3,1,1,1,6000,30,0
1157,3,4,4,2,1,1,1,4000,40,1
1158,4,2,2,1,0,1,1,2000,20,1
1159,2,5,1,2,0,1,1,4000,30,1
1160,3,3,2,3,1,0,1,5000,50,0
1161,3,4,1,2,0,0,1,2000,30,1
1162,2,5,1,1,1,1,1,4000,50,1
1163,3,3,2,3,1,0,0,5000,60,0
1164,1,3,1,1,0,1,1,3000,20,1
1165,2,4,2,2,1,1,1,5000,30,0
1166,2,5,4,3,1,1,1,5000,50,0
1167,1,2,1,1,0,0,0,2000,20,1
1168,2,2,2,3,1,1,1,4000,30,1
1169,1,4,1,2,1,1,1,4000,50,1
1170,3,4,1,3,0,1,1,5000,30,0
1171,1,2,1,3,0,1,0,2000,20,0
1172,2,5,2,1,1,0,1,6000,50,0
1173,3,3,2,2,0,1,1,4000,20,1
1174,2,3,1,2,1,1,1,3000,30,1
1175,2,4,2,3,1,1,1,5000,20,1
1176,3,5,2,3,1,1,1,5000,30,1
1177,4,2,4,3,0,0,0,4000,40,1
1178,3,2,1,1,0,1,1,2000,20,1
1179,2,3,2,1,0,1,1,3000,20,1
1180,5,3,4,3,0,0,1,5000,20,1
1181,4,4,4,3,1,0,1,5000,30,0
1182,4,5,2,3,0,1,0,2000,20,1
1183,3,4,4,3,0,0,1,5000,30,1
1184,3,2,4,2,1,0,0,4000,40,0
1185,3,3,4,3,0,1,1,6000,20,0
1186,2,4,3,1,1,1,0,3000,30,1
1187,5,3,4,2,1,1,1,4000,30,1
1188,3,4,4,3,0,1,1,5000,20,1
1189,2,5,3,2,1,1,1,6000,30,0
1190,1,3,2,1,0,1,1,2000,20,1
1191,3,5,2,2,0,1,1,4000,20,0
1192,4,4,3,1,1,1,1,4000,30,1
1193,5,4,4,1,0,0,1,3000,40,0
1194,3,3,2,1,1,0,1,3000,30,1
1195,4,5,1,2,0,1,1,5000,30,0
1196,5,4,2,3,1,1,0,4000,20,1
1197,4,3,3,2,0,1,1,3000,30,0
1198,3,4,2,2,1,1,1,4000,20,1
1199,2,3,1,1,1,1,1,3000,20,0
1200,3,3,4,3,1,1,1,4000,20,1
1201,4,3,2,2,1,1,1,4000,30,0
1202,5,3,4,3,1,1,1,3000,40,1
1203,3,2,1,1,0,1,0,1000,20,1
1204,5,4,2,3,1,1,1,3000,30,0
1205,4,5,2,2,1,0,1,4000,50,1
1206,1,3,2,2,1,1,1,2000,20,0
1207,2,4,1,1,0,1,0,2000,20,0
1208,4,3,2,3,1,1,1,4000,20,1
1209,3,3,1,2,0,1,1,2000,20,1
1210,3,4,2,1,0,1,1,3000,20,0
1211,2,4,4,3,1,1,1,4000,30,1
1212,4,5,2,1,1,1,1,4000,20,0
